{"initial_reset_timestamp": 1588898611.534599, "timestamps": [1588898806.0856812], "episode_lengths": [248], "episode_rewards": [1.032475520458365], "episode_types": ["t"]}